name,PFRID
Travis Kelce,/players/K/KelcTr00.htm
Josh Jacobs,/players/J/JacoJo01.htm
Derrick Henry ,/players/H/HenrDe00.htm
Patrick Mahomes,/players/M/MahoPa00.htm
Josh Allen,/players/A/AlleJo02.htm
Nick Chubb,/players/C/ChubNi00.htm
Stefon Diggs,/players/D/DiggSt00.htm
Justin Jefferson,/players/J/JeffJu00.htm
Jalen Hurts,/players/H/HurtJa00.htm
Davante Adams,/players/A/AdamDa01.htm
Tyreek Hill,/players/H/HillTy00.htm
Austin Ekeler,/players/E/EkelAu00.htm
Saquon Barkley,/players/B/BarkSa00.htm
Joe Burrow,/players/B/BurrJo01.htm
Jaylen Waddle,/players/W/WaddJa00.htm
Jamaal Williams,/players/W/WillJa06.htm
Christian McCaffrey,/players/M/McCaCh01.htm
Cooper Kupp,/players/K/KuppCo00.htm
Lamar Jackson,/players/J/JackLa00.htm
Tony Pollard,/players/P/PollTo00.htm
Aaron Jones,/players/J/JoneAa00.htm
A.J. Brown,/players/B/BrowAJ00.htm
Amari Cooper,/players/C/CoopAm00.htm
Miles Sanders,/players/S/SandMi01.htm
CeeDee Lamb,/players/L/LambCe00.htm
Justin Fields,/players/F/FielJu00.htm
Dalvin Cook,/players/C/CookDa01.htm
Joe Mixon,/players/M/MixoJo00.htm
Christian Kirk,/players/K/KirkCh01.htm
Mark Andrews,/players/A/AndrMa00.htm
Rhamondre Stevenson,/players/S/StevRh00.htm
Taysom Hill,/players/H/HillTa00.htm
Tee Higgins,/players/H/HiggTe00.htm
T.J. Hockenson,/players/H/HockTJ00.htm
Amon-Ra St. Brown,/players/S/StxxAm00.htm
Tyler Lockett,/players/L/LockTy00.htm
Kenneth Walker III,/players/W/WalkKe00.htm
Chris Olave,/players/O/OlavCh00.htm
Brandon Aiyuk,/players/A/AiyuBr00.htm
Terry McLaurin,/players/M/McLaTe00.htm
Gabriel Davis,/players/D/DaviGa01.htm
Ja'Marr Chase,/players/C/ChasJa00.htm
Deebo Samuel,/players/S/SamuDe00.htm
Travis Etienne,/players/E/EtieTr00.htm
Geno Smith,/players/S/SmitGe00.htm
Dallas Goedert,/players/G/GoedDa00.htm
Dameon Pierce,/players/P/PierDa01.htm
Kyler Murray,/players/M/MurrKy00.htm
D.J. Moore,/players/M/MoorD.00.htm
Mike Evans,/players/E/EvanMi00.htm
Zach Ertz,/players/E/ErtzZa00.htm
Curtis Samuel,/players/S/SamuCu00.htm
Garrett Wilson,/players/W/WilsGa00.htm
D.K. Metcalf,/players/M/MetcDK00.htm
George Kittle,/players/K/KittGe00.htm
Leonard Fournette,/players/F/FourLe00.htm
Tyler Boyd,/players/B/BoydTy00.htm
Allen Lazard ,/players/L/LazaAl00.htm
Juwan Johnson,/players/J/JohnJu02.htm
Cole Kmet,/players/K/KmetCo00.htm
Michael Pittman Jr.,/players/P/PittMi01.htm
Jeff Wilson,/players/W/WilsJe01.htm
Antonio Gibson ,/players/G/GibsAn00.htm
Najee Harris,/players/H/HarrNa00.htm
Jonathan Taylor,/players/T/TaylJo02.htm
Justin Herbert,/players/H/HerbJu00.htm
Alvin Kamara,/players/K/KamaAl00.htm
Christian Watson,/players/W/WatsCh00.htm
Ezekiel Elliott,/players/E/ElliEz00.htm
Pat Freiermuth,/players/F/FreiPa00.htm
DeVonta Smith,/players/S/SmitDe07.htm
Tyler Conklin,/players/C/ConkTy00.htm
Trevor Lawrence,/players/L/LawrTr00.htm
Marcus Mariota,/players/M/MariMa01.htm
Daniel Jones,/players/J/JoneDa05.htm
Tory Carter,/players/C/CartTo01.htm
DeAndre Hopkins,/players/H/HopkDe00.htm
Alex Armah,/players/A/ArmaAl00.htm
Kirk Cousins,/players/C/CousKi00.htm
Tua Tagovailoa,/players/T/TagoTu00.htm
Derek Carr,/players/C/CarrDe02.htm
Aaron Rodgers,/players/R/RodgAa00.htm
Tom Brady,/players/B/BradTo00.htm
Jacoby Brissett,/players/B/BrisJa00.htm
Jared Goff,/players/G/GoffJa00.htm
Jimmy Garoppolo,/players/G/GaroJi00.htm
Matt Ryan,/players/R/RyanMa00.htm
Russell Wilson,/players/W/WilsRu00.htm
Andy Dalton,/players/D/DaltAn00.htm
Ryan Tannehill,/players/T/TannRy00.htm
Davis Mills,/players/M/MillDa02.htm
Matthew Stafford,/players/S/StafMa00.htm
Khalil Herbert,/players/H/HerbKh00.htm
David Montgomery,/players/M/MontDa01.htm
Kenny Pickett,/players/P/PickKe00.htm
Devin Singletary,/players/S/SingDe00.htm
Dak Prescott,/players/P/PresDa01.htm
Carson Wentz,/players/W/WentCa00.htm
Breece Hall,/players/H/HallBr03.htm
James Conner,/players/C/ConnJa00.htm
Mac Jones,/players/J/JoneMa05.htm
Cordarrelle Patterson,/players/P/PattCo00.htm
Raheem Mostert,/players/M/MostRa00.htm
D'Onta Foreman,/players/F/ForeDO00.htm
Clyde Edwards-Helaire,/players/E/EdwaCl00.htm
D'Andre Swift,/players/S/SwifDA00.htm
AJ Dillon ,/players/D/DillAJ00.htm
James Robinson,/players/R/RobiJa00.htm
Zach Wilson,/players/W/WilsZa00.htm
Tyler Allgeier,/players/A/AllgTy00.htm
Michael Carter,/players/C/CartMi03.htm
Kareem Hunt,/players/H/HuntKa00.htm
Taylor Heinicke,/players/H/HeinTa00.htm
JuJu Smith-Schuster,/players/S/SmitJu00.htm
Courtland Sutton,/players/S/SuttCo00.htm
Adam Thielen,/players/T/ThieAd00.htm
Baker Mayfield,/players/M/MayfBa00.htm
Jakobi Meyers,/players/M/MeyeJa01.htm
Josh Palmer,/players/P/PalmJo00.htm
Samaje Perine,/players/P/PeriSa00.htm
George Pickens,/players/P/PickGe00.htm
Devin Duvernay,/players/D/DuveDe00.htm
Marquise Brown,/players/B/BrowMa04.htm
Chris Godwin,/players/G/GodwCh00.htm
Mack Hollins,/players/H/HollMa00.htm
Mecole Hardman,/players/H/HardMe00.htm
Mike Williams,/players/W/WillMi07.htm
Kenyan Drake,/players/D/DrakKe00.htm
Drake London,/players/L/LondDr00.htm
Latavius Murray,/players/M/MurrLa00.htm
Brian Robinson Jr.,/players/R/RobiBr01.htm
Parris Campbell,/players/C/CampPa00.htm
Zay Jones,/players/J/JoneZa00.htm
Isaiah McKenzie,/players/M/McKeIs00.htm
Damien Harris,/players/H/HarrDa06.htm
Donovan Peoples-Jones,/players/P/PeopDo00.htm
Jerry Jeudy,/players/J/JeudJe00.htm
Eno Benjamin,/players/B/BenjEn00.htm
Melvin Gordon,/players/G/GordMe00.htm
Darnell Mooney,/players/M/MoonDa00.htm
DeAndre Carter,/players/C/CartDe02.htm
Darius Slayton,/players/S/SlayDa01.htm
Brandin Cooks,/players/C/CookBr00.htm
Isiah Pacheco,/players/P/PachIs00.htm
Darrell Henderson,/players/H/HendDa00.htm
Cooper Rush,/players/R/RushCo00.htm
Marquez Valdes-Scantling,/players/V/ValdMa00.htm
Olamide Zaccheaus,/players/Z/ZaccOl01.htm
David Njoku,/players/N/NjokDa00.htm
Chase Claypool,/players/C/ClayCh01.htm
Dontrell Hilliard,/players/H/HillDo00.htm
Diontae Johnson,/players/J/JohnDi01.htm
Gerald Everett,/players/E/EverGe00.htm
Allen Robinson,/players/R/RobiAl02.htm
Nico Collins,/players/C/CollNi00.htm
Mike Gesicki,/players/G/GesiMi00.htm
Hayden Hurst,/players/H/HursHa00.htm
Mitchell Trubisky,/players/T/TrubMi00.htm
Rachaad White,/players/W/WhitRa01.htm
Romeo Doubs,/players/D/DoubRo00.htm
Marvin Jones,/players/J/JoneMa02.htm
Corey Davis,/players/D/DaviCo03.htm
DeVante Parker,/players/P/ParkDe01.htm
Rashaad Penny,/players/P/PennRa00.htm
Alec Pierce,/players/P/PierAl00.htm
Kyle Pitts,/players/P/PittKy00.htm
Josh Reynolds,/players/R/ReynJo00.htm
Kenneth Gainwell,/players/G/GainKe00.htm
Rondale Moore,/players/M/MoorRo02.htm
Dalton Schultz,/players/S/SchuDa00.htm
Will Dissly,/players/D/DissWi00.htm
Nick Westbrook-Ikhine,/players/W/WestNi00.htm
Joe Flacco,/players/F/FlacJo00.htm
Marquise Goodwin,/players/G/GoodMa00.htm
Dawson Knox,/players/K/KnoxDa00.htm
Evan Engram,/players/E/EngrEv00.htm
Hunter Henry,/players/H/HenrHu00.htm
Jameis Winston,/players/W/WinsJa00.htm
Greg Dortch,/players/D/DortGr01.htm
Jahan Dotson,/players/D/DotsJa00.htm
Tyler Higbee,/players/H/HigbTy00.htm
Jerick McKinnon,/players/M/McKiJe00.htm
Noah Brown,/players/B/BrowNo00.htm
Robert Tonyan,/players/T/TonyRo00.htm
Quez Watkins,/players/W/WatkQu00.htm
Treylon Burks,/players/B/BurkTr00.htm
Randall Cobb,/players/C/CobbRa00.htm
James Cook,/players/C/CookJa01.htm
Chase Edmonds,/players/E/EdmoCh00.htm
Caleb Huntley,/players/H/HuntCa02.htm
Alexander Mattison,/players/M/MattAl01.htm
Jordan Akins,/players/A/AkinJo00.htm
Noah Fant,/players/F/FantNo00.htm
Nelson Agholor,/players/A/AghoNe00.htm
Rashod Bateman,/players/B/BateRa00.htm
Terrace Marshall Jr.,/players/M/MarsTe00.htm
Chris Moore,/players/M/MoorCh00.htm
Foster Moreau,/players/M/MoreFo00.htm
P.J. Walker,/players/W/WalkPh00.htm
Robert Woods,/players/W/WoodRo02.htm
Bailey Zappe,/players/Z/ZappBa00.htm
Austin Hooper,/players/H/HoopAu00.htm
Kalif Raymond,/players/R/RaymKa00.htm
Julio Jones,/players/J/JoneJu02.htm
K.J. Osborn,/players/O/OsboKJ00.htm
Demarcus Robinson,/players/R/RobiDe01.htm
Jelani Woods,/players/W/WoodJe01.htm
Damiere Byrd,/players/B/ByrdDa00.htm
Richie James,/players/J/JameRi00.htm
Dante Pettis,/players/P/PettDa00.htm
Michael Thomas,/players/T/ThomMi05.htm
Gus Edwards,/players/E/EdwaGu00.htm
Jarvis Landry,/players/L/LandJa00.htm
Elijah Moore,/players/M/MoorEl00.htm
Cade Otton,/players/O/OttoCa00.htm
Laviska Shenault Jr.,/players/S/ShenLa00.htm
Trent Sherfield,/players/S/SherTr00.htm
Jamal Agnew,/players/A/AgneJa00.htm
Cam Akers,/players/A/AkerCa00.htm
Daniel Bellinger,/players/B/BellDa00.htm
Michael Gallup,/players/G/GallMi00.htm
Jamycal Hasty,/players/H/HastJa02.htm
Jauan Jennings,/players/J/JennJa00.htm
Isaiah Likely,/players/L/LikeIs00.htm
Rashid Shaheed,/players/S/ShahRa00.htm
Ben Skowronek,/players/S/SkowBe00.htm
Tre'Quan Smith,/players/S/SmitTr03.htm
Jaylen Warren,/players/W/WarrJa01.htm
Justin Watson,/players/W/WatsJu01.htm
Braxton Berrios,/players/B/BerrBr00.htm
Rex Burkhead,/players/B/BurkRe00.htm
Deon Jackson,/players/J/JackDe02.htm
Equanimeous St. Brown,/players/S/St.BEq00.htm
Mo Alie-Cox,/players/A/AlieMo00.htm
Noah Gray,/players/G/GrayNo00.htm
Teddy Bridgewater,/players/B/BridTe00.htm
Greg Dulcich,/players/D/DulcGr00.htm
Russell Gage,/players/G/GageRu00.htm
Nyheim Hines,/players/H/HineNy00.htm
Mark Ingram,/players/I/IngrMa01.htm
J.D. McKissic,/players/M/McKiJ.00.htm
Wan'Dale Robinson,/players/R/RobiWa01.htm
Irv Smith Jr.,/players/S/SmitIr01.htm
J.K. Dobbins,/players/D/DobbJK00.htm
Kendall Hinton,/players/H/HintKe00.htm
KhaDarel Hodge,/players/H/HodgKh00.htm
Keenan Allen,/players/A/AlleKe00.htm
Robbie Anderson,/players/A/AndeRo04.htm
Dyami Brown,/players/B/BrowDy00.htm
Jake Ferguson,/players/F/FergJa00.htm
Chigoziem Okonkwo,/players/O/OkonCh00.htm
Javonte Williams,/players/W/WillJa10.htm
Matt Breida,/players/B/BreiMa00.htm
Kylen Granson,/players/G/GranKy00.htm
Chuba Hubbard,/players/H/HubbCh01.htm
Josh Oliver,/players/O/OlivJo00.htm
Logan Thomas,/players/T/ThomLo00.htm
Mike White,/players/W/WhitMi01.htm
Harrison Bryant,/players/B/BryaHa00.htm
Justice Hill,/players/H/HillJu00.htm
O.J. Howard,/players/H/HowaO.00.htm
Joshua Kelley,/players/K/KellJo01.htm
Darren Waller,/players/W/WallDa01.htm
DJ Chark,/players/C/CharDJ00.htm
Travis Homer,/players/H/HomeTr00.htm
Justin Jackson,/players/J/JackJu01.htm
Kyle Juszczyk,/players/J/JuszKy00.htm
Ray-Ray McCloud,/players/M/McClRa00.htm
Elijah Mitchell,/players/M/MitcEl00.htm
Colby Parkinson,/players/P/ParkCo02.htm
Ameer Abdullah,/players/A/AbduAm00.htm
Kendrick Bourne,/players/B/BourKe00.htm
Marquez Callaway,/players/C/CallMa01.htm
Phillip Dorsett,/players/D/DorsPh00.htm
Van Jefferson,/players/J/JeffVa00.htm
Craig Reynolds,/players/R/ReynCr00.htm
Tyquan Thornton,/players/T/ThorTy00.htm
Tutu Atwell,/players/A/AtweTu00.htm
Peyton Hendershot,/players/H/HendPe01.htm
Alec Ingold,/players/I/IngoAl01.htm
Colt McCoy,/players/M/McCoCo00.htm
Sterling Shepard,/players/S/ShepSt00.htm
Adam Trautman,/players/T/TrauAd00.htm
Sammy Watkins,/players/W/WatkSa00.htm
Jody Fortson,/players/F/FortJo01.htm
A.J. Green,/players/G/GreeA.00.htm
Jonnu Smith,/players/S/SmitJo01.htm
Tommy Tremble,/players/T/TremTo00.htm
Tevin Coleman,/players/C/ColeTe01.htm
River Cracraft,/players/C/CracRi00.htm
KJ Hamler,/players/H/HamlKJ00.htm
Kadarius Toney,/players/T/ToneKa00.htm
Ty Johnson,/players/J/JohnTy02.htm
Scott Miller,/players/M/MillSc01.htm
Zach Pascal,/players/P/PascZa00.htm
Khalil Shakir,/players/S/ShakKh00.htm
Durham Smythe,/players/S/SmytDu00.htm
Brock Wright,/players/W/WrigBr01.htm
John Bates,/players/B/BateJo00.htm
David Bell,/players/B/BellDa02.htm
Sam Darnold,/players/D/DarnSa00.htm
Ashton Dulin,/players/D/DuliAs00.htm
Ross Dwelley,/players/D/DwelRo00.htm
Trenton Irwin,/players/I/IrwiTr00.htm
Johnny Mundt,/players/M/MundJo00.htm
Hunter Renfrow,/players/R/RenfHu00.htm
Eric Saubert,/players/S/SaubEr00.htm
Boston Scott,/players/S/ScotBo02.htm
Ian Thomas,/players/T/ThomIa00.htm
Darrel Williams,/players/W/WillDa10.htm
Sony Michel,/players/M/MichSo00.htm
Dare Ogunbowale,/players/O/OgunDa00.htm
Raheem Blackshear,/players/B/BlacRa00.htm
Brandon Bolden,/players/B/BoldBr00.htm
Skyy Moore,/players/M/MoorSk01.htm
Bryce Perkins,/players/P/PerkBr02.htm
MyCole Pruitt,/players/P/PruiMy00.htm
Anthony Schwartz,/players/S/SchwAn00.htm
Shi Smith,/players/S/SmitSh03.htm
Mike Boone,/players/B/BoonMi00.htm
Cameron Brate,/players/B/BratCa00.htm
Sam Ehlinger,/players/E/EhliSa00.htm
Zander Horvath,/players/H/HorvZa00.htm
Keaontay Ingram,/players/I/IngrKe01.htm
Tom Kennedy,/players/K/KennTo01.htm
Denzel Mims,/players/M/MimsDe00.htm
Samori Toure,/players/T/TourSa00.htm
Kyren Williams,/players/W/WillKy02.htm
Gary Brightwell,/players/B/BrigGa00.htm
Tanner Hudson,/players/H/HudsTa00.htm
Chris Myarick,/players/M/MyarCh00.htm
Breshad Perriman,/players/P/PerrBr02.htm
Jalen Reagor,/players/R/ReagJa00.htm
Benny Snell Jr.,/players/S/SnelBe00.htm
Reggie Gilliam,/players/G/GillRe00.htm
Isaiah Hodgins,/players/H/HodgIs00.htm
Ko Kieft,/players/K/KiefKo00.htm
Trey Lance,/players/L/LancTr00.htm
Byron Pringle,/players/P/PrinBy00.htm
Dan Arnold,/players/A/ArnoDa00.htm
Pharaoh Brown,/players/B/BrowPh01.htm
Lawrence Cager,/players/C/CageLa01.htm
Malik Davis,/players/D/DaviMa02.htm
Josiah Deguara,/players/D/DeguJo00.htm
Jordan Love,/players/L/LoveJo03.htm
James Mitchell,/players/M/MitcJa00.htm
Zack Moss,/players/M/MossZa00.htm
David Sills,/players/S/SillDa01.htm
Geoff Swaim,/players/S/SwaiGe00.htm
Jalen Virgil,/players/V/VirgJa00.htm
Kyle Allen,/players/A/AlleKy00.htm
Zach Gentry,/players/G/GentZa00.htm
N'Keal Harry,/players/H/HarrNK00.htm
Zonovan Knight,/players/K/KnigZo00.htm
Dax Milne,/players/M/MilnDa00.htm
Brandon Powell,/players/P/PoweBr00.htm
Trevor Siemian,/players/S/SiemTr00.htm
C.J. Uzomah,/players/U/UzomC.00.htm
Cedrick Wilson Jr.,/players/W/WilsCe01.htm
DeeJay Dallas,/players/D/DallDe00.htm
C.J. Ham,/players/H/HamxC.00.htm
DeSean Jackson,/players/J/JackDe00.htm
Velus Jones Jr.,/players/J/JoneVe00.htm
Phillip Lindsay,/players/L/LindPh00.htm
Patrick Ricard,/players/R/RicaPa00.htm
Armani Rogers,/players/R/RogeAr00.htm
John Wolford,/players/W/WolfJo00.htm
Keelan Cole,/players/C/ColeKe00.htm
Connor Heyward,/players/H/HeywCo00.htm
Marcedes Lewis,/players/L/LewiMa00.htm
Teagan Quitoriano,/players/Q/QuitTe00.htm
Brett Rypien,/players/R/RypiBr00.htm
Cam Sims,/players/S/SimsCa00.htm
Derek Watt,/players/W/WattDe00.htm
Jonathan Williams,/players/W/WillJo07.htm
Michael Bandy,/players/B/BandMi00.htm
D'Wayne Eskridge,/players/E/EskrDW00.htm
Darrynton Evans,/players/E/EvanDa02.htm
Brandon Johnson,/players/J/JohnBr23.htm
Ty Montgomery,/players/M/MontTy01.htm
Kene Nwangwu,/players/N/NwanKe00.htm
Giovanni Ricci,/players/R/RiccGi00.htm
Skylar Thompson,/players/T/ThomSk00.htm
Kevin White,/players/W/WhitKe00.htm
Andrew Beck,/players/B/BeckAn01.htm
Malcolm Brown,/players/B/BrowMa03.htm
Jamison Crowder,/players/C/CrowJa00.htm
Anthony Firkser,/players/F/FirkAn00.htm
Jalen Guyton,/players/G/GuytJa01.htm
Parker Hesse,/players/H/HessPa00.htm
Marcus Johnson,/players/J/JohnMa07.htm
Jake Kumerow,/players/K/KumeJa00.htm
Jeff Smith,/players/S/SmitJe03.htm
Jack Stoll,/players/S/StolJa00.htm
Mike Strachan,/players/S/StraMi03.htm
Mike Thomas,/players/T/ThomMi04.htm
Malik Willis,/players/W/WillMa12.htm
Shane Zylstra,/players/Z/ZylsSh00.htm
Spencer Brown,/players/B/BrowSp01.htm
Myles Gaskin,/players/G/GaskMy00.htm
Kenny Golladay,/players/G/GollKe00.htm
Hassan Haskins,/players/H/HaskHa00.htm
Cody Hollister,/players/H/HollCo00.htm
Jordan Mason,/players/M/MasoJo00.htm
Trey McBride,/players/M/McBrTr01.htm
Tre' McKitty,/players/M/McKiTr00.htm
Quintin Morris,/players/M/MorrQu00.htm
Albert Okwuegbunam,/players/O/OkwuAl00.htm
Gunner Olszewski,/players/O/OlszGu00.htm
Donald Parham,/players/P/ParhDo00.htm
James Proche,/players/P/ProcJa00.htm
Ronnie Rivers,/players/R/RiveRo01.htm
Isaiah Spiller,/players/S/SpilIs00.htm
Stephen Sullivan,/players/S/SullSt00.htm
Dwayne Washington,/players/W/WashDw00.htm
Trevon Wesco,/players/W/WescTr00.htm
Zamir White,/players/W/WhitZa01.htm
Mitchell Wilcox,/players/W/WilcMi01.htm
Jordan Wilkins,/players/W/WilkJo01.htm
Trayveon Williams,/players/W/WillTr06.htm
Kendall Blanton,/players/B/BlanKe01.htm
Grant Calcaterra,/players/C/CalcGr00.htm
Tyrion Davis-Price,/players/D/DaviTy03.htm
Trestan Ebner,/players/E/EbneTr00.htm
Anthony McFarland Jr.,/players/M/McFaAn00.htm
Kyle Philips,/players/P/PhilKy01.htm
Steven Sims,/players/S/SimsSt00.htm
Eric Tomlinson,/players/T/TomlEr01.htm
Andre Baccellia,/players/B/BaccAn00.htm
Tyrie Cleveland,/players/C/ClevTy00.htm
Jaelon Darden,/players/D/DardJa00.htm
Tyler Davis,/players/D/DaviTy02.htm
Ben Ellefson,/players/E/ElleBe00.htm
Chris Evans,/players/E/EvanCh02.htm
Luke Farrell,/players/F/FarrLu00.htm
Ronald Jones II,/players/J/JoneRo01.htm
Tim Jones,/players/J/JoneTi00.htm
Brevin Jordan,/players/J/JordBr00.htm
Trace McSorley,/players/M/McSoTr00.htm
Jalen Nailor,/players/N/NailJa00.htm
Jarrett Stidham,/players/S/StidJa00.htm
Trent Taylor,/players/T/TaylTr02.htm
KaVontae Turpin,/players/T/TurpKa00.htm
Ke'Shawn Vaughn,/players/V/VaugKe00.htm
Cole Beasley,/players/B/BeasCo00.htm
Michael Burton,/players/B/BurtMi00.htm
Quintez Cephus,/players/C/CephQu00.htm
Mike Davis,/players/D/DaviMi01.htm
Jeff Driskel,/players/D/DrisJe00.htm
Bryan Edwards,/players/E/EdwaBr01.htm
Simi Fehoko,/players/F/FehoSi00.htm
Ryan Griffin,/players/G/GrifRy00.htm
Penny Hart,/players/H/HartPe01.htm
Brycen Hopkins,/players/H/HopkBr01.htm
Jesper Horsted,/players/H/HorsJe00.htm
Dennis Houston,/players/H/HousDe01.htm
Lil'Jordan Humphrey,/players/H/HumpLi01.htm
Andy Isabella,/players/I/IsabAn00.htm
D'Ernest Johnson,/players/J/JohnDE04.htm
Tony Jones,/players/J/JoneTo04.htm
Keith Kirkwood,/players/K/KirkKe00.htm
Tyler Kroft,/players/K/KrofTy00.htm
Chris Manhertz,/players/M/ManhCh00.htm
Nick Mullens,/players/M/MullNi00.htm
Dezmon Patmon,/players/P/PatmDe00.htm
Kyle Rudolph,/players/R/RudoKy00.htm
Trey Sermon,/players/S/SermTr00.htm
J.J. Taylor,/players/T/TaylJJ01.htm
Cole Turner,/players/T/TurnCo00.htm
DJ Turner,/players/T/TurnDJ00.htm
Tylan Wallace,/players/W/WallTy00.htm
Juwann Winfree,/players/W/WinfJu00.htm
Michael Woods II,/players/W/WoodMi00.htm
Salvon Ahmed,/players/A/AhmeSa01.htm
Maurice Alexander,/players/A/AlexMa02.htm
Brandon Allen,/players/A/AlleBr00.htm
Miles Boykin,/players/B/BoykMi00.htm
Jalen Camp,/players/C/CampJa03.htm
Corey Clement,/players/C/ClemCo00.htm
Snoop Conner,/players/C/ConnSn00.htm
Troy Hairston,/players/H/HairTr00.htm
Jacob Harris,/players/H/HarrJa03.htm
Kevin Harris,/players/H/HarrKe01.htm
Kylin Hill,/players/H/HillKy00.htm
Brian Hoyer,/players/H/HoyeBr00.htm
David Johnson,/players/J/JohnDa08.htm
Jakob Johnson,/players/J/JohnJa12.htm
Tyron Johnson,/players/J/JohnTy03.htm
Marlon Mack,/players/M/MackMa00.htm
Sean McKeon,/players/M/McKeSe01.htm
Gardner Minshew II,/players/M/MinsGa00.htm
Jason Moore,/players/M/MoorJa02.htm
Devine Ozigbo,/players/O/OzigDe01.htm
Brock Purdy,/players/P/PurdBr00.htm
Amari Rodgers,/players/R/RodgAm00.htm
Mason Schreck,/players/S/SchrMa00.htm
Stone Smartt,/players/S/SmarSt00.htm
Keith Smith,/players/S/SmitKe03.htm
Pierre Strong,/players/S/StroPi00.htm
Tommy Sweeney,/players/S/SweeTo00.htm
Tyrod Taylor,/players/T/TaylTy00.htm
Jalen Tolbert,/players/T/TolbJa00.htm
Nick Vannett,/players/V/VannNi00.htm
Montrell Washington,/players/W/WashMo00.htm
Maxx Williams,/players/W/WillMa04.htm
Stephen Anderson,/players/A/AndeSt01.htm
Devin Asiasi,/players/A/AsiaDe00.htm
C.J. Beathard,/players/B/BeatC.00.htm
Trinity Benson,/players/B/BensTr00.htm
Giovani Bernard,/players/B/BernGi00.htm
Khari Blasingame,/players/B/BlasKh00.htm
C.J. Board,/players/B/BoarC.00.htm
Lynn Bowden Jr.,/players/B/BowdLy00.htm
Nick Boyle,/players/B/BoylNi00.htm
Trenton Cannon,/players/C/CannTr00.htm
Cethan Carter,/players/C/CartCe00.htm
Dan Chisena,/players/C/ChisDa00.htm
Chris Conley,/players/C/ConlCh00.htm
Pharoh Cooper,/players/C/CoopPh00.htm
Keke Coutee,/players/C/CoutKe00.htm
Chase Daniel,/players/D/DaniCh00.htm
Rico Dowdle,/players/D/DowdRi01.htm
Jacob Eason,/players/E/EasoJa00.htm
Alex Erickson,/players/E/EricAl01.htm
Demetric Felton,/players/F/FeltDe00.htm
Nick Foles ,/players/F/FoleNi00.htm
Feleipe Franks,/players/F/FranFe00.htm
Jake Funk,/players/F/FunkJa00.htm
Tanner Gentry,/players/G/GentTa00.htm
Cullen Gillaspia,/players/G/GillCu00.htm
Josh Gordon,/players/G/GordJo02.htm
Justin Hardee,/players/H/HardJu01.htm
Clark Harris,/players/H/HarrCl20.htm
Chad Henne,/players/H/HennCh01.htm
Rashard Higgins,/players/H/HiggRa00.htm
Jacob Hollister,/players/H/HollJa03.htm
J.P. Holtz,/players/H/HoltJ.01.htm
Jordan Howard,/players/H/HowaJo00.htm
Tyler Huntley,/players/H/HuntTy01.htm
Tyree Jackson,/players/J/JackTy01.htm
Jesse James,/players/J/JameJe00.htm
Duke Johnson,/players/J/JohnDu00.htm
Tyler Johnson,/players/J/JohnTy00.htm
Taiwan Jones,/players/J/JoneTa00.htm
Case Keenum,/players/K/KeenCa00.htm
Marcus Kemp,/players/K/KempMa00.htm
Mason Kinsey,/players/K/KinsMa00.htm
Hunter Long,/players/L/LongHu00.htm
Stanley Morgan Jr.,/players/M/MorgSt02.htm
Qadree Ollison,/players/O/OlliQa00.htm
Matthew Orzech,/players/O/OrzeMa00.htm
Jaret Patterson,/players/P/PattJa01.htm
Adam Prentice,/players/P/PrenAd00.htm
Kevin Rader,/players/R/RadeKe00.htm
Andre Roberts,/players/R/RobeAn00.htm
Richard Rodgers,/players/R/RodgRi00.htm
Larry Rountree,/players/R/RounLa00.htm
Drew Sample,/players/S/SampDr00.htm
Braylon Sanders,/players/S/SandBr00.htm
Matthew Slater,/players/S/SlatMa00.htm
Willie Snead,/players/S/SneaWi00.htm
Matt Sokol,/players/S/SokoMa00.htm
Keir Thomas,/players/T/ThomKe04.htm
Noah Togiai,/players/T/TogiNo00.htm
Laquon Treadwell,/players/T/TreaLa00.htm
Malik Turner,/players/T/TurnMa00.htm
Jonathan Ward,/players/W/WardJo00.htm
Cody White,/players/W/WhitCo05.htm
Antonio Williams,/players/W/WillAn03.htm
Damien Williams,/players/W/WillDa05.htm
Javon Wims,/players/W/WimsJa00.htm
Charlie Woerner,/players/W/WoerCh00.htm
Brandon Zylstra,/players/Z/ZylsBr00.htm
Deonte Harty,/players/H/HarrDe07.htm
Ihmir Smith-Marsette,/players/S/SmitIh00.htm
Chester Rogers,/players/R/RogeCh02.htm
